INSERT INTO `User` (`id`, `username`, `createdAt`, `updatedAt`, `isDeleted`)
VALUES
	(1, 'zoomkoding', '2020-07-27 20:22:46', '2020-07-27 20:22:46', 0);
INSERT INTO `Payment` (`id`, `userId`, `name`, `createdAt`, `updatedAt`, `isDeleted`)
VALUES
	(1, 1, '비씨카드', '2020-07-27 23:41:25', '2020-07-27 23:41:25', 0),
	(2, 1, '현대카드', '2020-07-27 23:41:36', '2020-07-27 23:41:36', 0),
	(3, 1, '우리카드', '2020-07-27 23:41:43', '2020-07-27 23:41:43', 0),
	(4, 1, '카카오뱅크', '2020-07-27 23:41:48', '2020-07-27 23:41:48', 0),
	(5, 1, '현금', '2020-07-27 23:42:37', '2020-07-27 23:42:37', 0),
	(6, 1, '롯데카드', '2020-07-28 00:16:58', '2020-07-28 00:16:58', 0),
	(7, 1, '삼성카드', '2020-07-28 00:16:58', '2020-07-28 00:16:58', 0),
	(8, 1, '신한카드', '2020-07-27 23:41:43', '2020-07-27 23:41:43', 0);
INSERT INTO `Category` (`id`, `type`, `name`, `createdAt`, `updatedAt`, `isDeleted`)
VALUES
	(1, 'income', '월급', '2020-07-27 23:36:09', '2020-07-27 23:36:09', 0),
	(2, 'income', '용돈', '2020-07-27 23:36:09', '2020-07-27 23:36:09', 0),
	(3, 'income', '기타 수입', '2020-07-27 23:36:09', '2020-07-27 23:36:09', 0),
	(4, 'expenditure', '식비', '2020-07-27 23:36:09', '2020-07-27 23:36:09', 0),
	(5, 'expenditure', '생활', '2020-07-27 23:36:09', '2020-07-27 23:36:09', 0),
	(6, 'expenditure', '쇼핑/뷰티', '2020-07-27 23:36:09', '2020-07-27 23:36:09', 0),
	(7, 'expenditure', '교통', '2020-07-27 23:36:09', '2020-07-27 23:36:09', 0),
	(8, 'expenditure', '의료/건강', '2020-07-27 23:36:09', '2020-07-27 23:36:09', 0),
	(9, 'expenditure', '문화/여가', '2020-07-27 23:36:09', '2020-07-27 23:36:09', 0),
	(10, 'expenditure', '미분류', '2020-07-27 23:36:09', '2020-07-27 23:36:09', 0);
INSERT INTO `History` (`id`, `type`, `amount`, `date`, `userId`, `categoryId`, `paymentId`, `content`, `createdAt`, `updatedAt`, `isDeleted`)
VALUES
	(54, 'expenditure', 54000, '2020-07-23', 1, 7, 6, '후아유', '2020-07-27 23:40:37', '2020-08-07 10:30:55', 0),
	(53, 'income', 1368000, '2020-07-24', 1, 1, 4, '(주)우아한형제들', '2020-07-27 23:40:37', '2020-08-07 10:36:07', 0),
	(55, 'income', 343130, '2020-07-24', 1, 3, 8, '세금 환급', '2020-07-27 23:40:37', '2020-08-07 10:35:49', 0),
	(51, 'expenditure', 50000, '2020-07-25', 1, 9, 1, '동생 생일선물', '2020-07-27 23:40:37', '2020-08-07 10:47:22', 0),
	(2, 'expenditure', 10000, '2020-07-26', 1, 4, 4, '탕수육', '2020-07-28 00:15:15', '2020-08-07 10:36:29', 0),
	(50, 'expenditure', 5900, '2020-07-26', 1, 4, 2, '서브웨이 방이점', '2020-07-27 23:40:37', '2020-08-07 10:35:34', 0),
	(38, 'expenditure', 7000, '2020-07-27', 1, 4, 2, '김치찌개', '2020-07-27 23:40:37', '2020-08-07 10:36:22', 0),
	(40, 'expenditure', 10000, '2020-07-27', 1, 4, 5, '버거킹', '2020-07-27 23:40:37', '2020-08-07 10:36:03', 0),
	(35, 'expenditure', 100000, '2020-07-27', 1, 4, 7, '감성돔', '2020-07-27 23:40:37', '2020-08-07 10:35:52', 0),
	(3, 'expenditure', 2000, '2020-07-27', 1, 4, 1, '피자', '2020-07-27 23:40:37', '2020-08-07 10:21:38', 0),
	(46, 'expenditure', 50000, '2020-07-27', 1, 9, 3, '동하형 강원이형 생일선물', '2020-07-27 23:40:37', '2020-08-07 10:35:31', 0),
	(39, 'expenditure', 8000, '2020-07-28', 1, 4, 4, '도시락', '2020-07-27 23:40:37', '2020-08-07 11:00:19', 0),
	(1, 'expenditure', 20000, '2020-07-28', 1, 4, 3, '치킨', '2020-07-27 23:40:37', '2020-08-07 11:00:22', 0),
	(49, 'expenditure', 4100, '2020-07-28', 1, 4, 5, '씨유방이점', '2020-07-27 23:40:37', '2020-08-07 10:36:00', 0),
	(37, 'expenditure', 7500, '2020-07-29', 1, 4, 3, '짬뽕', '2020-07-27 23:40:37', '2020-08-07 11:01:08', 0),
	(36, 'expenditure', 2100, '2020-07-29', 1, 4, 1, '아빅수', '2020-07-27 23:40:37', '2020-08-07 11:00:31', 0),
	(48, 'expenditure', 5100, '2020-07-30', 1, 4, 8, '커피앤스페이스', '2020-07-27 23:40:37', '2020-08-07 10:35:38', 0),
	(47, 'expenditure', 12550, '2020-07-31', 1, 7, 1, '체크후불교통출금', '2020-07-27 23:40:37', '2020-08-07 10:30:23', 0),
	(56, 'expenditure', 12000, '2020-08-01', 1, 5, 5, '다이소', '2020-07-27 23:40:37', '2020-08-07 10:35:18', 0),
	(45, 'expenditure', 5900, '2020-08-02', 1, 4, 3, '서브웨이 방이점', '2020-07-27 23:40:37', '2020-08-07 10:36:18', 0),
	(44, 'expenditure', 4100, '2020-08-04', 1, 4, 4, '씨유방이점', '2020-07-27 23:40:37', '2020-08-07 10:35:22', 0),
	(43, 'expenditure', 5100, '2020-08-05', 1, 4, 5, '커피앤스페이스', '2020-07-27 23:40:37', '2020-08-07 10:36:38', 0),
	(42, 'expenditure', 6900, '2020-08-06', 1, 4, 1, '한솥도시락 신림양지', '2020-07-27 23:40:37', '2020-08-07 10:24:27', 0),
	(41, 'expenditure', 6600, '2020-08-06', 1, 4, 7, '리사베이커리', '2020-07-27 23:40:37', '2020-08-07 10:36:32', 0),
	(52, 'expenditure', 12550, '2020-08-07', 1, 7, 6, '체크후불교통출금', '2020-07-27 23:40:37', '2020-08-07 11:00:07', 0);